{
  "hash": "65d296d6",
  "configHash": "7166f385",
  "lockfileHash": "4ee2d009",
  "browserHash": "b4b2c1eb",
  "optimized": {
    "@angular/common": {
      "src": "../../../../../node_modules/@angular/common/fesm2022/common.mjs",
      "file": "@angular_common.js",
      "fileHash": "28a96427",
      "needsInterop": false
    },
    "@angular/common/http": {
      "src": "../../../../../node_modules/@angular/common/fesm2022/http.mjs",
      "file": "@angular_common_http.js",
      "fileHash": "d05befe6",
      "needsInterop": false
    },
    "@angular/core": {
      "src": "../../../../../node_modules/@angular/core/fesm2022/core.mjs",
      "file": "@angular_core.js",
      "fileHash": "59946cca",
      "needsInterop": false
    },
    "@angular/forms": {
      "src": "../../../../../node_modules/@angular/forms/fesm2022/forms.mjs",
      "file": "@angular_forms.js",
      "fileHash": "90c95285",
      "needsInterop": false
    },
    "@angular/platform-browser": {
      "src": "../../../../../node_modules/@angular/platform-browser/fesm2022/platform-browser.mjs",
      "file": "@angular_platform-browser.js",
      "fileHash": "833a08fe",
      "needsInterop": false
    },
    "@angular/router": {
      "src": "../../../../../node_modules/@angular/router/fesm2022/router.mjs",
      "file": "@angular_router.js",
      "fileHash": "04c178ef",
      "needsInterop": false
    },
    "@ng-bootstrap/ng-bootstrap": {
      "src": "../../../../../node_modules/@ng-bootstrap/ng-bootstrap/fesm2022/ng-bootstrap.mjs",
      "file": "@ng-bootstrap_ng-bootstrap.js",
      "fileHash": "279a9dae",
      "needsInterop": false
    },
    "ngx-bootstrap/modal": {
      "src": "../../../../../node_modules/ngx-bootstrap/modal/fesm2022/ngx-bootstrap-modal.mjs",
      "file": "ngx-bootstrap_modal.js",
      "fileHash": "ce46bfe3",
      "needsInterop": false
    },
    "rxjs": {
      "src": "../../../../../node_modules/rxjs/dist/esm5/index.js",
      "file": "rxjs.js",
      "fileHash": "3f868813",
      "needsInterop": false
    },
    "rxjs/operators": {
      "src": "../../../../../node_modules/rxjs/dist/esm5/operators/index.js",
      "file": "rxjs_operators.js",
      "fileHash": "ad236fc3",
      "needsInterop": false
    },
    "@angular/platform-browser/animations": {
      "src": "../../../../../node_modules/@angular/platform-browser/fesm2022/animations.mjs",
      "file": "@angular_platform-browser_animations.js",
      "fileHash": "b3640dde",
      "needsInterop": false
    },
    "ngx-toastr": {
      "src": "../../../../../node_modules/ngx-toastr/fesm2022/ngx-toastr.mjs",
      "file": "ngx-toastr.js",
      "fileHash": "9ab7bde8",
      "needsInterop": false
    },
    "ngx-bootstrap/datepicker": {
      "src": "../../../../../node_modules/ngx-bootstrap/datepicker/fesm2022/ngx-bootstrap-datepicker.mjs",
      "file": "ngx-bootstrap_datepicker.js",
      "fileHash": "03e08a14",
      "needsInterop": false
    }
  },
  "chunks": {
    "chunk-5OBWTFMQ": {
      "file": "chunk-5OBWTFMQ.js"
    },
    "chunk-EE4IV5NJ": {
      "file": "chunk-EE4IV5NJ.js"
    },
    "chunk-SQHN5FQP": {
      "file": "chunk-SQHN5FQP.js"
    },
    "chunk-KL32PCJ6": {
      "file": "chunk-KL32PCJ6.js"
    },
    "chunk-BJABAW7F": {
      "file": "chunk-BJABAW7F.js"
    },
    "chunk-SV3TDUD4": {
      "file": "chunk-SV3TDUD4.js"
    },
    "chunk-LFUJCAMF": {
      "file": "chunk-LFUJCAMF.js"
    },
    "chunk-SS3KZSYQ": {
      "file": "chunk-SS3KZSYQ.js"
    },
    "chunk-UXZUJDRZ": {
      "file": "chunk-UXZUJDRZ.js"
    },
    "chunk-RTZ3CRUG": {
      "file": "chunk-RTZ3CRUG.js"
    }
  }
}